[{"id":"user-image-9636012.png","fileName":"9636012.png","name":"9636012","publicUrl":"https://assets.nicepagecdn.com/2530100b/6316934/images/9636012.png","size":5334,"hash":"Dty12NsYFpJWKZop1oRTETkKkLA=","width":128,"height":128,"folderId":null,"thumbnail":{"url":"https://assets.nicepagecdn.com/2530100b/6316934/images/9636012.png","width":128,"height":128},"usages":["26109544"]},{"id":"user-image-10721349.png","fileName":"10721349.png","name":"10721349","publicUrl":"https://assets.nicepagecdn.com/2530100b/6316934/images/10721349.png","size":4120,"hash":"5weij6Q724fbBk4BvESZOiHwxg8=","width":128,"height":128,"folderId":null,"thumbnail":{"url":"https://assets.nicepagecdn.com/2530100b/6316934/images/10721349.png","width":128,"height":128},"usages":["26109544"]},{"id":"user-image-201426.png","fileName":"201426.png","name":"201426","publicUrl":"https://assets.nicepagecdn.com/2530100b/6316934/images/201426.png","size":1799,"hash":"Xvwezj59csnivj+llmQw7DSSDeQ=","width":128,"height":128,"folderId":null,"thumbnail":{"url":"https://assets.nicepagecdn.com/2530100b/6316934/images/201426.png","width":128,"height":128},"usages":["26109544"]},{"id":"user-image-1042307.png","fileName":"1042307.png","name":"1042307","publicUrl":"https://assets.nicepagecdn.com/2530100b/6316934/images/1042307.png","size":2238,"hash":"hq0P6o7g/Viu4E3Gex8M20NY1nA=","width":128,"height":128,"folderId":null,"thumbnail":{"url":"https://assets.nicepagecdn.com/2530100b/6316934/images/1042307.png","width":128,"height":128},"usages":["26109544"]},{"id":"user-image-7785340.png","fileName":"7785340.png","name":"7785340","publicUrl":"https://assets.nicepagecdn.com/2530100b/6316934/images/7785340.png","size":3667,"hash":"xLeYciZtS6dTa553CqQGAlMaKVI=","width":128,"height":128,"folderId":null,"thumbnail":{"url":"https://assets.nicepagecdn.com/2530100b/6316934/images/7785340.png","width":128,"height":128},"usages":["26109544"]},{"id":"user-image-9259837.png","fileName":"9259837.png","name":"9259837","publicUrl":"https://assets.nicepagecdn.com/2530100b/6316934/images/9259837.png","size":2448,"hash":"hdaGP2kXCwQbDZEr6IQxSxMoazs=","width":128,"height":128,"folderId":null,"thumbnail":{"url":"https://assets.nicepagecdn.com/2530100b/6316934/images/9259837.png","width":128,"height":128},"usages":["26109544"]},{"id":"user-image-train3.jpg","fileName":"train3.jpg","name":"train3","publicUrl":"https://assets.nicepagecdn.com/2530100b/6316934/images/train3.jpg","size":76781,"hash":"M0xWjHj2HUgiWBKRvMD2pa0rkZs=","width":512,"height":768,"folderId":null,"thumbnail":{"url":"https://assets.nicepagecdn.com/2530100b/6316934/images/thumbnails/train3.jpg","width":100,"height":150},"usages":["414917360"]},{"id":"user-image-train5.jpg","fileName":"train5.jpg","name":"train5","publicUrl":"https://assets.nicepagecdn.com/2530100b/6316934/images/train5.jpg","size":61157,"hash":"lXB46W8m7irDwBlCaPYvr4DcSag=","width":512,"height":768,"folderId":null,"thumbnail":{"url":"https://assets.nicepagecdn.com/2530100b/6316934/images/thumbnails/train5.jpg","width":100,"height":150},"usages":[]},{"id":"user-image-train8.jpg","fileName":"train8.jpg","name":"train8","publicUrl":"https://assets.nicepagecdn.com/2530100b/6316934/images/train8.jpg","size":62660,"hash":"2sOiQJTlFRrk1h26TmKq5alzpEE=","width":512,"height":768,"folderId":null,"thumbnail":{"url":"https://assets.nicepagecdn.com/2530100b/6316934/images/thumbnails/train8.jpg","width":100,"height":150},"usages":[]},{"id":"user-image-train9.jpg","fileName":"train9.jpg","name":"train9","publicUrl":"https://assets.nicepagecdn.com/2530100b/6316934/images/train9.jpg","size":69427,"hash":"/J4W1uoTWv0Wo86S4fPuzCwCyw8=","width":512,"height":768,"folderId":null,"thumbnail":{"url":"https://assets.nicepagecdn.com/2530100b/6316934/images/thumbnails/train9.jpg","width":100,"height":150},"usages":[]},{"id":"user-image-train2.jpg","fileName":"train2.jpg","name":"train2","publicUrl":"https://assets.nicepagecdn.com/2530100b/6316934/images/train2.jpg","size":74932,"hash":"waVCEWbEUO1xAWdzR5GRAf296Ds=","width":512,"height":768,"folderId":null,"thumbnail":{"url":"https://assets.nicepagecdn.com/2530100b/6316934/images/thumbnails/train2.jpg","width":100,"height":150},"usages":[]},{"id":"user-image-train7.jpg","fileName":"train7.jpg","name":"train7","publicUrl":"https://assets.nicepagecdn.com/2530100b/6316934/images/train7.jpg","size":69469,"hash":"sWXkvBl2eBsZdtPlSJkJQXtt3xI=","width":512,"height":768,"folderId":null,"thumbnail":{"url":"https://assets.nicepagecdn.com/2530100b/6316934/images/thumbnails/train7.jpg","width":100,"height":150},"usages":[]},{"id":"user-image-train4.jpg","fileName":"train4.jpg","name":"train4","publicUrl":"https://assets.nicepagecdn.com/2530100b/6316934/images/train4.jpg","size":67936,"hash":"tvc7QH8893EdQZGDqmv+6zD9kDw=","width":512,"height":768,"folderId":null,"thumbnail":{"url":"https://assets.nicepagecdn.com/2530100b/6316934/images/thumbnails/train4.jpg","width":100,"height":150},"usages":[]},{"id":"user-image-train6.jpg","fileName":"train6.jpg","name":"train6","publicUrl":"https://assets.nicepagecdn.com/2530100b/6316934/images/train6.jpg","size":56891,"hash":"UjWCmD3A86zEZUYyOVO/gwRY1+I=","width":512,"height":768,"folderId":null,"thumbnail":{"url":"https://assets.nicepagecdn.com/2530100b/6316934/images/thumbnails/train6.jpg","width":100,"height":150},"usages":["414917360"]},{"id":"user-image-train1.jpg","fileName":"train1.jpg","name":"train1","publicUrl":"https://assets.nicepagecdn.com/2530100b/6316934/images/train1.jpg","size":80626,"hash":"cwc9SCTtRJiFSXYSc6AuoA5SJdo=","width":512,"height":768,"folderId":null,"thumbnail":{"url":"https://assets.nicepagecdn.com/2530100b/6316934/images/thumbnails/train1.jpg","width":100,"height":150},"usages":["414917360"]},{"id":"user-image-Untzesrstrxitled.jpg","fileName":"Untzesrstrxitled.jpg","name":"Untzesrstrxitled","publicUrl":"https://assets.nicepagecdn.com/2530100b/6316934/images/Untzesrstrxitled.jpg","size":71936,"hash":"nJjhrmjHjH+A//8SkNiNb5g3SwU=","width":768,"height":512,"folderId":null,"thumbnail":{"url":"https://assets.nicepagecdn.com/2530100b/6316934/images/thumbnails/Untzesrstrxitled.jpg","width":150,"height":100},"usages":[]},{"id":"user-image-rstrstr.jpg","fileName":"rstrstr.jpg","name":"rstrstr","publicUrl":"https://assets.nicepagecdn.com/2530100b/6316934/images/rstrstr.jpg","size":84267,"hash":"rwIFJFUkR9Vm2augKWUJ8ETFP6A=","width":768,"height":512,"folderId":null,"thumbnail":{"url":"https://assets.nicepagecdn.com/2530100b/6316934/images/thumbnails/rstrstr.jpg","width":150,"height":100},"usages":["414917360"]},{"id":"user-image-dfstdxts5ryc.jpg","fileName":"dfstdxts5ryc.jpg","name":"dfstdxts5ryc","publicUrl":"https://assets.nicepagecdn.com/2530100b/6316934/images/dfstdxts5ryc.jpg","size":74903,"hash":"NWpBARrpTnBXvu1q0x17ufjhbxs=","width":768,"height":512,"folderId":null,"thumbnail":{"url":"https://assets.nicepagecdn.com/2530100b/6316934/images/thumbnails/dfstdxts5ryc.jpg","width":150,"height":100},"usages":[]},{"id":"user-image-fiyogi.jpg","fileName":"fiyogi.jpg","name":"fiyogi","publicUrl":"https://assets.nicepagecdn.com/2530100b/6316934/images/fiyogi.jpg","size":81914,"hash":"XaGwcr1VVjWXCZ1yT2K2qr/4+Kk=","width":512,"height":768,"folderId":null,"thumbnail":{"url":"https://assets.nicepagecdn.com/2530100b/6316934/images/thumbnails/fiyogi.jpg","width":100,"height":150},"usages":[]},{"id":"user-image-airplane20.jpg","fileName":"airplane20.jpg","name":"airplane20","publicUrl":"https://assets.nicepagecdn.com/2530100b/6316934/images/airplane20.jpg","size":57154,"hash":"8bu59wxtwDH2bWxfXYr/UX2cc5Q=","width":512,"height":768,"folderId":null,"thumbnail":{"url":"https://assets.nicepagecdn.com/2530100b/6316934/images/thumbnails/airplane20.jpg","width":100,"height":150},"usages":["71312890"]},{"id":"user-image-airplane18.jpg","fileName":"airplane18.jpg","name":"airplane18","publicUrl":"https://assets.nicepagecdn.com/2530100b/6316934/images/airplane18.jpg","size":51168,"hash":"YdDFihD1fVkAwFbRO8WiN0YIuK8=","width":512,"height":768,"folderId":null,"thumbnail":{"url":"https://assets.nicepagecdn.com/2530100b/6316934/images/thumbnails/airplane18.jpg","width":100,"height":150},"usages":[]},{"id":"user-image-airplane16.jpg","fileName":"airplane16.jpg","name":"airplane16","publicUrl":"https://assets.nicepagecdn.com/2530100b/6316934/images/airplane16.jpg","size":57154,"hash":"8bu59wxtwDH2bWxfXYr/UX2cc5Q=","width":512,"height":768,"folderId":null,"thumbnail":{"url":"https://assets.nicepagecdn.com/2530100b/6316934/images/thumbnails/airplane16.jpg","width":100,"height":150},"usages":[]},{"id":"user-image-airplane17.jpg","fileName":"airplane17.jpg","name":"airplane17","publicUrl":"https://assets.nicepagecdn.com/2530100b/6316934/images/airplane17.jpg","size":55021,"hash":"lpQjObuTZDcQPYZo2ENwnf3De0w=","width":512,"height":768,"folderId":null,"thumbnail":{"url":"https://assets.nicepagecdn.com/2530100b/6316934/images/thumbnails/airplane17.jpg","width":100,"height":150},"usages":[]},{"id":"user-image-airplane19.jpg","fileName":"airplane19.jpg","name":"airplane19","publicUrl":"https://assets.nicepagecdn.com/2530100b/6316934/images/airplane19.jpg","size":54497,"hash":"XgVINlNP1S5nijMz9tZPqP3O4Xg=","width":512,"height":768,"folderId":null,"thumbnail":{"url":"https://assets.nicepagecdn.com/2530100b/6316934/images/thumbnails/airplane19.jpg","width":100,"height":150},"usages":[]},{"id":"user-image-airplane14.jpg","fileName":"airplane14.jpg","name":"airplane14","publicUrl":"https://assets.nicepagecdn.com/2530100b/6316934/images/airplane14.jpg","size":54701,"hash":"1E7y4BFyKCwl0eFuPxuzAjf2z0g=","width":512,"height":768,"folderId":null,"thumbnail":{"url":"https://assets.nicepagecdn.com/2530100b/6316934/images/thumbnails/airplane14.jpg","width":100,"height":150},"usages":[]},{"id":"user-image-airplane15.jpg","fileName":"airplane15.jpg","name":"airplane15","publicUrl":"https://assets.nicepagecdn.com/2530100b/6316934/images/airplane15.jpg","size":51039,"hash":"s7bXz7g30gwousX53LiJDNUBdRk=","width":512,"height":768,"folderId":null,"thumbnail":{"url":"https://assets.nicepagecdn.com/2530100b/6316934/images/thumbnails/airplane15.jpg","width":100,"height":150},"usages":[]},{"id":"user-image-Untituiiled.jpg","fileName":"Untituiiled.jpg","name":"Untituiiled","publicUrl":"https://assets.nicepagecdn.com/2530100b/6316934/images/Untituiiled.jpg","size":72063,"hash":"thNFO6wuLRp2tIZarggAh2ry0tc=","width":768,"height":512,"folderId":null,"thumbnail":{"url":"https://assets.nicepagecdn.com/2530100b/6316934/images/thumbnails/Untituiiled.jpg","width":150,"height":100},"usages":[]},{"id":"user-image-iuttrytytty.jpg","fileName":"iuttrytytty.jpg","name":"iuttrytytty","publicUrl":"https://assets.nicepagecdn.com/2530100b/6316934/images/iuttrytytty.jpg","size":30265,"hash":"RUuuQ0IyknwWpfOPSw8OX/NToN8=","width":512,"height":768,"folderId":null,"thumbnail":{"url":"https://assets.nicepagecdn.com/2530100b/6316934/images/thumbnails/iuttrytytty.jpg","width":100,"height":150},"usages":[]},{"id":"user-image-airplane12.jpg","fileName":"airplane12.jpg","name":"airplane12","publicUrl":"https://assets.nicepagecdn.com/2530100b/6316934/images/airplane12.jpg","size":23055,"hash":"+xGHO1r9RmwoUxE25Q8ig2Et3fE=","width":512,"height":768,"folderId":null,"thumbnail":{"url":"https://assets.nicepagecdn.com/2530100b/6316934/images/thumbnails/airplane12.jpg","width":100,"height":150},"usages":["71312890"]},{"id":"user-image-airplane6.jpg","fileName":"airplane6.jpg","name":"airplane6","publicUrl":"https://assets.nicepagecdn.com/2530100b/6316934/images/airplane6.jpg","size":37292,"hash":"uQOAwrxnctbAgCe0kyCd4Ti4H8o=","width":512,"height":768,"folderId":null,"thumbnail":{"url":"https://assets.nicepagecdn.com/2530100b/6316934/images/thumbnails/airplane6.jpg","width":100,"height":150},"usages":[]},{"id":"user-image-airplane7.jpg","fileName":"airplane7.jpg","name":"airplane7","publicUrl":"https://assets.nicepagecdn.com/2530100b/6316934/images/airplane7.jpg","size":33211,"hash":"Tuh7jLNmhGnqW3dAr/2PYBfpPns=","width":512,"height":768,"folderId":null,"thumbnail":{"url":"https://assets.nicepagecdn.com/2530100b/6316934/images/thumbnails/airplane7.jpg","width":100,"height":150},"usages":[]},{"id":"user-image-airplane5.jpg","fileName":"airplane5.jpg","name":"airplane5","publicUrl":"https://assets.nicepagecdn.com/2530100b/6316934/images/airplane5.jpg","size":41304,"hash":"+MdTea7fycBbQSiMasL+RsA9nng=","width":512,"height":768,"folderId":null,"thumbnail":{"url":"https://assets.nicepagecdn.com/2530100b/6316934/images/thumbnails/airplane5.jpg","width":100,"height":150},"usages":[]},{"id":"user-image-airplane10.jpg","fileName":"airplane10.jpg","name":"airplane10","publicUrl":"https://assets.nicepagecdn.com/2530100b/6316934/images/airplane10.jpg","size":31709,"hash":"TGAxJ+Q1MTFc5c6trPmb3ENkex4=","width":512,"height":768,"folderId":null,"thumbnail":{"url":"https://assets.nicepagecdn.com/2530100b/6316934/images/thumbnails/airplane10.jpg","width":100,"height":150},"usages":["71312890"]},{"id":"user-image-airplane11.jpg","fileName":"airplane11.jpg","name":"airplane11","publicUrl":"https://assets.nicepagecdn.com/2530100b/6316934/images/airplane11.jpg","size":27275,"hash":"FUOZovHHhplnL+auc8SFprepAXk=","width":512,"height":768,"folderId":null,"thumbnail":{"url":"https://assets.nicepagecdn.com/2530100b/6316934/images/thumbnails/airplane11.jpg","width":100,"height":150},"usages":[]},{"id":"user-image-airplane9.jpg","fileName":"airplane9.jpg","name":"airplane9","publicUrl":"https://assets.nicepagecdn.com/2530100b/6316934/images/airplane9.jpg","size":31292,"hash":"YwXR7yMzvXQpPykeO8ANUw1iQiI=","width":512,"height":768,"folderId":null,"thumbnail":{"url":"https://assets.nicepagecdn.com/2530100b/6316934/images/thumbnails/airplane9.jpg","width":100,"height":150},"usages":["71312890"]},{"id":"user-image-airplane4.jpg","fileName":"airplane4.jpg","name":"airplane4","publicUrl":"https://assets.nicepagecdn.com/2530100b/6316934/images/airplane4.jpg","size":31260,"hash":"28tvWdeAc/v3vgV26aAROX9Atxs=","width":512,"height":768,"folderId":null,"thumbnail":{"url":"https://assets.nicepagecdn.com/2530100b/6316934/images/thumbnails/airplane4.jpg","width":100,"height":150},"usages":[]},{"id":"user-image-buspng.parspng.com-5-300x300.png","fileName":"buspng.parspng.com-5-300x300.png","name":"buspng.parspng.com-5-300x300","publicUrl":"https://assets.nicepagecdn.com/2530100b/6316934/images/buspng.parspng.com-5-300x300.png","size":20031,"hash":"CjSjsiIbGcZAjKC3ygWIREbu3ds=","width":300,"height":300,"folderId":null,"thumbnail":{"url":"https://assets.nicepagecdn.com/2530100b/6316934/images/thumbnails/buspng.parspng.com-5-300x300.png","width":150,"height":150},"usages":[]},{"id":"user-image-buspng.parspng.com-9-300x300.png","fileName":"buspng.parspng.com-9-300x300.png","name":"buspng.parspng.com-9-300x300","publicUrl":"https://assets.nicepagecdn.com/2530100b/6316934/images/buspng.parspng.com-9-300x300.png","size":4144,"hash":"jSq+FehTgZn5V5mXBlsV82j62Gs=","width":300,"height":300,"folderId":null,"thumbnail":{"url":"https://assets.nicepagecdn.com/2530100b/6316934/images/thumbnails/buspng.parspng.com-9-300x300.png","width":150,"height":150},"usages":[]},{"id":"user-image-Unjyutitled.jpg","fileName":"Unjyutitled.jpg","name":"Unjyutitled","publicUrl":"https://assets.nicepagecdn.com/2530100b/6316934/images/Unjyutitled.jpg","size":68741,"hash":"VhGiZ1V3iDOzQcx/6sbSAR07c6o=","width":512,"height":768,"folderId":null,"thumbnail":{"url":"https://assets.nicepagecdn.com/2530100b/6316934/images/thumbnails/Unjyutitled.jpg","width":100,"height":150},"usages":["47556804","63471586","26109544"]},{"id":"user-image-buspng.parspng.com-6-300x300.png","fileName":"buspng.parspng.com-6-300x300.png","name":"buspng.parspng.com-6-300x300","publicUrl":"https://assets.nicepagecdn.com/2530100b/6316934/images/buspng.parspng.com-6-300x300.png","size":29908,"hash":"/dNmAhv7MauixivFbRTf8UUzrpM=","width":300,"height":300,"folderId":null,"thumbnail":{"url":"https://assets.nicepagecdn.com/2530100b/6316934/images/thumbnails/buspng.parspng.com-6-300x300.png","width":150,"height":150},"usages":[]},{"id":"user-image-buspng.parspng.com-7-300x300.png","fileName":"buspng.parspng.com-7-300x300.png","name":"buspng.parspng.com-7-300x300","publicUrl":"https://assets.nicepagecdn.com/2530100b/6316934/images/buspng.parspng.com-7-300x300.png","size":22818,"hash":"o2aExp9d1WUGaaJC1PzONanOCnQ=","width":300,"height":300,"folderId":null,"thumbnail":{"url":"https://assets.nicepagecdn.com/2530100b/6316934/images/thumbnails/buspng.parspng.com-7-300x300.png","width":150,"height":150},"usages":[]},{"id":"user-image-buspng.parspng.com-10-300x300.png","fileName":"buspng.parspng.com-10-300x300.png","name":"buspng.parspng.com-10-300x300","publicUrl":"https://assets.nicepagecdn.com/2530100b/6316934/images/buspng.parspng.com-10-300x300.png","size":17447,"hash":"k3QW5spARCsv02caMen8kQLBEco=","width":300,"height":300,"folderId":null,"thumbnail":{"url":"https://assets.nicepagecdn.com/2530100b/6316934/images/thumbnails/buspng.parspng.com-10-300x300.png","width":150,"height":150},"usages":[]},{"id":"user-image-buspng.parspng.com-4-300x300.png","fileName":"buspng.parspng.com-4-300x300.png","name":"buspng.parspng.com-4-300x300","publicUrl":"https://assets.nicepagecdn.com/2530100b/6316934/images/buspng.parspng.com-4-300x300.png","size":32922,"hash":"4Vyqa9892ikcT2tEumUhISQon+Y=","width":300,"height":300,"folderId":null,"thumbnail":{"url":"https://assets.nicepagecdn.com/2530100b/6316934/images/thumbnails/buspng.parspng.com-4-300x300.png","width":150,"height":150},"usages":[]},{"id":"user-image-bus-icon.webp","fileName":"bus-icon.webp","name":"bus-icon","publicUrl":"https://assets.nicepagecdn.com/2530100b/6316934/images/bus-icon.webp","size":2116,"hash":"VsUQf9WER/pkcRVUwB58xUGxENQ=","width":512,"height":504,"folderId":null,"thumbnail":{"url":"https://assets.nicepagecdn.com/2530100b/6316934/images/bus-icon.webp","width":512,"height":504},"usages":[]},{"id":"user-image-4021708.png","fileName":"4021708.png","name":"4021708","publicUrl":"https://assets.nicepagecdn.com/2530100b/6316934/images/4021708.png","size":2025,"hash":"R4l6Lu3N0fIcMCxlFxN0ejZYsEM=","width":128,"height":128,"folderId":null,"thumbnail":{"url":"https://assets.nicepagecdn.com/2530100b/6316934/images/4021708.png","width":128,"height":128},"usages":["47556804","71312890","414917360","63471586"]},{"id":"user-image-482541.png","fileName":"482541.png","name":"482541","publicUrl":"https://assets.nicepagecdn.com/2530100b/6316934/images/482541.png","size":3106,"hash":"PoH7+JMGg38almPuE9cPVCHPJJw=","width":128,"height":128,"folderId":null,"thumbnail":{"url":"https://assets.nicepagecdn.com/2530100b/6316934/images/482541.png","width":128,"height":128},"usages":[]},{"id":"user-image-6619465.png","fileName":"6619465.png","name":"6619465","publicUrl":"https://assets.nicepagecdn.com/2530100b/6316934/images/6619465.png","size":1756,"hash":"MjRJYfJe1S4cu3xrfxVFgzosXoA=","width":128,"height":128,"folderId":null,"thumbnail":{"url":"https://assets.nicepagecdn.com/2530100b/6316934/images/6619465.png","width":128,"height":128},"usages":["47556804","71312890","414917360","63471586"]},{"id":"user-image-bg_bus5.jpg","fileName":"bg_bus5.jpg","name":"bg_bus5","publicUrl":"https://assets.nicepagecdn.com/2530100b/6316934/images/bg_bus5.jpg","size":50163,"hash":"Bu7P/5qxIWsvencbQQmiA4KiPbc=","width":474,"height":592,"folderId":null,"thumbnail":{"url":"https://assets.nicepagecdn.com/2530100b/6316934/images/thumbnails/bg_bus5.jpg","width":120,"height":150},"usages":["47556804","63471586"]},{"id":"user-image-uiiio.png","fileName":"uiiio.png","name":"uiiio","publicUrl":"https://assets.nicepagecdn.com/2530100b/6316934/images/uiiio.png","size":63353,"hash":"swUuSb7tTnAtEz37msJp6IdzcAk=","width":512,"height":768,"folderId":null,"thumbnail":{"url":"https://assets.nicepagecdn.com/2530100b/6316934/images/thumbnails/uiiio.png","width":100,"height":150},"usages":["47556804","63471586"]},{"id":"user-image-bus6.jpg","fileName":"bus6.jpg","name":"bus6","publicUrl":"https://assets.nicepagecdn.com/2530100b/6316934/images/bus6.jpg","size":67724,"hash":"5rJoW4hOT5I2zpWdNAGgwTkqA1A=","width":768,"height":512,"folderId":null,"thumbnail":{"url":"https://assets.nicepagecdn.com/2530100b/6316934/images/thumbnails/bus6.jpg","width":150,"height":100},"usages":["47556804","63471586"]},{"id":"user-image-bus4.jpg","fileName":"bus4.jpg","name":"bus4","publicUrl":"https://assets.nicepagecdn.com/2530100b/6316934/images/bus4.jpg","size":57082,"hash":"1RErBAoic52Oo/r5/X2MXVM4Y4Y=","width":768,"height":512,"folderId":null,"thumbnail":{"url":"https://assets.nicepagecdn.com/2530100b/6316934/images/thumbnails/bus4.jpg","width":150,"height":100},"usages":[]},{"id":"user-image-bus11.jpg","fileName":"bus11.jpg","name":"bus11","publicUrl":"https://assets.nicepagecdn.com/2530100b/6316934/images/bus11.jpg","size":30544,"hash":"FTu2RlzWPqOOFgQxMo8oHt2q5e0=","width":512,"height":512,"folderId":null,"thumbnail":{"url":"https://assets.nicepagecdn.com/2530100b/6316934/images/thumbnails/bus11.jpg","width":150,"height":150},"usages":[]},{"id":"user-image-ROYAL.svg","fileName":"ROYAL.svg","name":"ROYAL","publicUrl":"https://assets.nicepagecdn.com/2530100b/6316934/images/ROYAL.svg","size":3845,"hash":"snK/rXkUJkXEQW/+QsKpXW569BU=","width":123,"height":74,"folderId":null,"thumbnail":{"url":"https://assets.nicepagecdn.com/2530100b/6316934/images/ROYAL.svg","width":123,"height":74},"usages":["47556804","71312890","414917360","63471586"]},{"id":"user-image-SPHR.svg","fileName":"SPHR.svg","name":"SPHR","publicUrl":"https://assets.nicepagecdn.com/2530100b/6316934/images/SPHR.svg","size":4326,"hash":"8cgubA5/TeVrrkGSz6VdUdGbIKM=","width":124,"height":75,"folderId":null,"thumbnail":{"url":"https://assets.nicepagecdn.com/2530100b/6316934/images/SPHR.svg","width":124,"height":75},"usages":["47556804","71312890","414917360","63471586"]},{"id":"user-image-GTYPMA.svg","fileName":"GTYPMA.svg","name":"GTYPMA","publicUrl":"https://assets.nicepagecdn.com/2530100b/6316934/images/GTYPMA.svg","size":18906,"hash":"38h8DQfNwVOtE4Ou0hLzPILQBMc=","width":123,"height":74,"folderId":null,"thumbnail":{"url":"https://assets.nicepagecdn.com/2530100b/6316934/images/GTYPMA.svg","width":123,"height":74},"usages":["47556804","71312890","414917360","63471586"]},{"id":"user-image-HMSFR.svg","fileName":"HMSFR.svg","name":"HMSFR","publicUrl":"https://assets.nicepagecdn.com/2530100b/6316934/images/HMSFR.svg","size":5903,"hash":"jT0ZNsACDIAJawt7ElnBvH4L48w=","width":123,"height":74,"folderId":null,"thumbnail":{"url":"https://assets.nicepagecdn.com/2530100b/6316934/images/HMSFR.svg","width":123,"height":74},"usages":["47556804","71312890","414917360","63471586"]},{"id":"user-image-SYRSFR.svg","fileName":"SYRSFR.svg","name":"SYRSFR","publicUrl":"https://assets.nicepagecdn.com/2530100b/6316934/images/SYRSFR.svg","size":2414,"hash":"P5NXSHADOvC+iPUlJb0d+LJLvzM=","width":123,"height":74,"folderId":null,"thumbnail":{"url":"https://assets.nicepagecdn.com/2530100b/6316934/images/SYRSFR.svg","width":123,"height":74},"usages":["47556804","71312890","414917360","63471586"]},{"id":"user-image-IRNPYMN.svg","fileName":"IRNPYMN.svg","name":"IRNPYMN","publicUrl":"https://assets.nicepagecdn.com/2530100b/6316934/images/IRNPYMN.svg","size":7252,"hash":"LIBP21Vzy+wffkJZbJo6MhOr1N0=","width":123,"height":74,"folderId":null,"thumbnail":{"url":"https://assets.nicepagecdn.com/2530100b/6316934/images/IRNPYMN.svg","width":123,"height":74},"usages":["47556804","71312890","414917360","63471586"]},{"id":"user-image-bus12.jpg","fileName":"bus12.jpg","name":"bus12","publicUrl":"https://assets.nicepagecdn.com/2530100b/6316934/images/bus12.jpg","size":35226,"hash":"woPr2ppelkPd83+IsLkhz1Y5H2c=","width":512,"height":512,"folderId":null,"thumbnail":{"url":"https://assets.nicepagecdn.com/2530100b/6316934/images/thumbnails/bus12.jpg","width":150,"height":150},"usages":[]},{"id":"user-image-2259312.png","fileName":"2259312.png","name":"2259312","publicUrl":"https://assets.nicepagecdn.com/2530100b/6316934/images/2259312.png","size":2480,"hash":"M472DXTha5+ld9UEeOFWvzm5H+A=","width":128,"height":128,"folderId":null,"thumbnail":{"url":"https://assets.nicepagecdn.com/2530100b/6316934/images/2259312.png","width":128,"height":128},"usages":[]},{"id":"user-image-7531986.png","fileName":"7531986.png","name":"7531986","publicUrl":"https://assets.nicepagecdn.com/2530100b/6316934/images/7531986.png","size":2012,"hash":"XF1UfXmEv+NNWIsJJOLhMNxDQ1M=","width":128,"height":128,"folderId":null,"thumbnail":{"url":"https://assets.nicepagecdn.com/2530100b/6316934/images/7531986.png","width":128,"height":128},"usages":["47556804","71312890","414917360","63471586"]},{"id":"user-image-3940667.png","fileName":"3940667.png","name":"3940667","publicUrl":"https://assets.nicepagecdn.com/2530100b/6316934/images/3940667.png","size":2291,"hash":"CEz8XFP2+OVkM83NJulRl0mK2zY=","width":128,"height":128,"folderId":null,"thumbnail":{"url":"https://assets.nicepagecdn.com/2530100b/6316934/images/3940667.png","width":128,"height":128},"usages":[]},{"id":"user-image-526615.png","fileName":"526615.png","name":"526615","publicUrl":"https://assets.nicepagecdn.com/2530100b/6316934/images/526615.png","size":1811,"hash":"7jzzQrp5NeQNoljIkMhHPIBeSKI=","width":128,"height":128,"folderId":null,"thumbnail":{"url":"https://assets.nicepagecdn.com/2530100b/6316934/images/526615.png","width":128,"height":128},"usages":["47556804","71312890","414917360","63471586"]},{"id":"user-image-adibian_logo.webp","fileName":"adibian_logo.webp","name":"adibian_logo","publicUrl":"https://assets.nicepagecdn.com/2530100b/6316934/images/adibian_logo.webp","size":6004,"hash":"RJJjzC+g6x0oN8n/Vk3NeheWoZg=","width":143,"height":156,"folderId":null,"thumbnail":{"url":"https://assets.nicepagecdn.com/2530100b/6316934/images/adibian_logo.webp","width":143,"height":156},"usages":[]}]