[{"id":4912466,"title":"Blog Template","order":1,"templateKey":"blog","customTemplate":false,"customTemplateFilename":null,"pageLinks":[],"dateCreated":"2024-08-08T04:58:26.935Z","dateUpdated":"2024-08-08T04:58:47.883Z","folderId":null,"pageName":"Blog Template","sectionCount":1,"status":2},{"id":504826196,"title":"Post Template","order":2,"templateKey":"post","customTemplate":false,"customTemplateFilename":null,"pageLinks":[],"dateCreated":"2024-08-08T04:58:28.054Z","dateUpdated":"2024-08-08T04:58:47.885Z","folderId":null,"pageName":"Post Template","sectionCount":1,"status":2},{"id":6717384,"title":"Product List Template","order":3,"templateKey":"products","customTemplate":false,"customTemplateFilename":null,"pageLinks":[],"dateCreated":"2024-08-08T04:58:28.978Z","dateUpdated":"2024-08-08T04:58:47.886Z","folderId":null,"pageName":"Product List Template","sectionCount":1,"status":2},{"id":224109004,"title":"Product Details Template","order":4,"templateKey":"product","customTemplate":false,"customTemplateFilename":null,"pageLinks":[],"dateCreated":"2024-08-08T04:58:29.928Z","dateUpdated":"2024-08-08T04:58:47.887Z","folderId":null,"pageName":"Product Details Template","sectionCount":1,"status":2},{"id":260007468,"title":"Shopping Cart Template","order":5,"templateKey":"cart","customTemplate":false,"customTemplateFilename":null,"pageLinks":[],"dateCreated":"2024-08-08T04:58:30.659Z","dateUpdated":"2024-08-08T04:58:47.889Z","folderId":null,"pageName":"Shopping Cart Template","sectionCount":1,"status":2},{"id":728911425,"title":"Login Template","order":7,"templateKey":"login","customTemplate":false,"customTemplateFilename":null,"pageLinks":[],"dateCreated":"2024-08-08T04:58:31.603Z","dateUpdated":"2024-08-08T04:58:47.889Z","folderId":null,"pageName":"Login Template","sectionCount":1,"status":2},{"id":590300370,"title":"Password Template","order":8,"templateKey":"password","customTemplate":false,"customTemplateFilename":null,"pageLinks":[],"dateCreated":"2024-08-08T04:58:31.992Z","dateUpdated":"2024-08-08T04:58:47.892Z","folderId":null,"pageName":"Password Template","sectionCount":1,"status":2},{"id":40610544,"title":"404 Not Found Template","order":9,"templateKey":"404","customTemplate":false,"customTemplateFilename":null,"pageLinks":[],"dateCreated":"2024-08-08T04:58:32.353Z","dateUpdated":"2024-08-08T04:58:47.893Z","folderId":null,"pageName":"404 Not Found Template","sectionCount":1,"status":2},{"id":684313571,"title":"Thank You Template","order":10,"templateKey":"ThankYou","customTemplate":false,"customTemplateFilename":null,"pageLinks":[],"dateCreated":"2024-08-08T04:58:32.672Z","dateUpdated":"2024-08-08T04:58:47.894Z","folderId":null,"pageName":"Thank You Template","sectionCount":1,"status":2},{"id":26109544,"title":"Home","order":50,"templateKey":null,"customTemplate":false,"customTemplateFilename":null,"pageLinks":[],"dateCreated":"2024-08-08T04:58:58.787Z","dateUpdated":"2024-08-11T11:16:27.033Z","folderId":null,"pageName":"Home_26109544","sectionCount":3,"status":2},{"id":47556804,"title":"bus","order":103,"templateKey":null,"customTemplate":false,"customTemplateFilename":null,"pageLinks":[],"dateCreated":"2024-08-08T05:04:46.056Z","dateUpdated":"2024-08-11T11:23:59.491Z","folderId":null,"pageName":"bus_47556804","sectionCount":6,"status":2},{"id":71312890,"title":"airplane","order":104,"templateKey":null,"customTemplate":false,"customTemplateFilename":null,"pageLinks":[],"dateCreated":"2024-08-11T06:52:30.370Z","dateUpdated":"2024-08-11T11:45:55.525Z","folderId":null,"pageName":"airplane_71312890","sectionCount":6,"status":2},{"id":414917360,"title":"train","order":105,"templateKey":null,"customTemplate":false,"customTemplateFilename":null,"pageLinks":[],"dateCreated":"2024-08-11T06:55:19.851Z","dateUpdated":"2024-08-11T08:47:08.230Z","folderId":null,"pageName":"train_414917360","sectionCount":6,"status":2},{"id":63471586,"title":"tour","order":106,"templateKey":null,"customTemplate":false,"customTemplateFilename":null,"pageLinks":[],"dateCreated":"2024-08-11T06:57:10.805Z","dateUpdated":"2024-08-11T06:57:52.474Z","folderId":null,"pageName":"tour_63471586","sectionCount":6,"status":2}]